SERVICE NAME,CATEGORY NAME,PRICE BEFORE TAX,PRICE AFTER TAX,TAX NAME,TAX VALUE,TAX TYPE,SALES PRICE,HSN,CUSTOM BARCODE,SELLER POINTS,ITEM DESCIPTION,DISCOUNT TYPE,DISCOUNT,DISCOUNT TYPE,DISCOUNT
Service Name 1,Category 1,100,106,Tax 5%,5,Inclusive,120,123456,BARCODE123,10,Description 1,Percentage,10,Percentage,10
Service Name 2,Category 2,200,207,Tax 5%,6,Exclusive,220,234567,BARCODE124,0,Description 2,Fixed,5,Fixed,5
Service Name 3,Category 3,300,308,Tax 5%,5,Inclusive,320,345678,BARCODE125,10,Description 3,Percentage,10,Percentage,10
Service Name 4,Category 4,400,409,Tax 5%,6,Exclusive,420,456789,BARCODE126,20,Description 4,Fixed,5,Fixed,5
Service Name 5,Category 5,500,510,Tax 5%,5,Exclusive,520,567890,BARCODE127,30,Description 5,Percentage,10,Percentage,10
